1409764155.55052,Acceleration,-0.0836791992,-0.3322296143,-1.1054077148,,,,,,,,,,,,,,,,
1409764155.60318,Acceleration,-0.1224060059,-0.3385467529,-0.7006988525,,,,,,,,,,,,,,,,
1409764155.85317,Acceleration,-0.1551818848,-0.4489135742,-0.939956665,,,,,,,,,,,,,,,,
1409764155.94495,Gyro,0.1485705667,0.3020536003,-0.1281025758,,,,,,,,,,,,,,,,
1409764155.96091,Motion,0.1102613509,0.2886943221,-0.1050443053,-0.0738559794,0.291804452,0.0105442462,0.1102613509,0.2886943221,-0.1050443053,-0.0706695318,-0.2876808643,-0.9551154375,0.0364745818,-0.1857383251,-0.0230186973,-1,0,0,0
1409764156.0785,Magnetic,-0.8643188477,139.7921142578,-71.5602416992,,,,,,,,,,,,,,,,
1409764156.08487,Acceleration,0.2073974609,-0.116394043,-1.1738739014,,,,,,,,,,,,,,,,
1409764156.18574,Gyro,-0.0631342284,-0.0086283756,0.093284674,,,,,,,,,,,,,,,,
1409764156.20177,Motion,-0.1014415622,-0.0219869819,0.1163418069,-0.0116600318,0.2993685672,-0.0124962534,-0.1014415622,-0.0219869819,0.1163418069,-0.0111411745,-0.2949169278,-0.9554579258,0.0993217155,0.0335186012,0.0228102412,-1,0,0,0
1409764156.33543,Acceleration,0.0073547363,-0.3462219238,-0.7951202393,,,,,,,,,,,,,,,,
1409764156.33875,Magnetic,0.5185852051,142.5297851563,-73.236114502,,,,,,,,,,,,,,,,
1409764156.4428,Gyro,-0.0687748036,-0.2205169288,0.0485978962,,,,,,,,,,,,,,,,
1409764156.45855,Motion,-0.1074039787,-0.2330141515,0.0714154318,-0.0106974666,0.289722756,0.0014118468,-0.1074039787,-0.2330141515,0.0714154318,-0.0102514345,-0.2856865525,-0.9582682848,0.0535100996,-0.1579627395,0.2198039293,-1,0,0,0
1409764156.56709,Acceleration,-0.0088806152,-0.4718780518,-1.0124359131,,,,,,,,,,,,,,,,
1409764156.59879,Magnetic,0.5185852051,144.5830383301,-71.5602416992,,,,,,,,,,,,,,,,
1409764156.69909,Gyro,-0.1282349349,-0.6960049004,-0.2610406532,,,,,,,,,,,,,,,,
1409764156.71525,Motion,-0.1641006917,-0.7079440355,-0.2383766919,-0.0827250223,0.3063234073,-0.0268530618,-0.1641006917,-0.7079440355,-0.2383766919,-0.078784138,-0.3015552461,-0.9501881599,-0.0294311978,-0.1377910674,-0.2532725632,-1,0,0,0
1409764156.81775,Acceleration,0.053527832,-0.2313537598,-0.9216308594,,,,,,,,,,,,,,,,
1409764156.85948,Magnetic,-1.0371856689,146.1229705811,-73.7388763428,,,,,,,,,,,,,,,,
1409764156.9404,Gyro,0.0834264506,0.0612060998,-0.3767017393,,,,,,,,,,,,,,,,
1409764156.95642,Motion,0.0440780111,0.0475150496,-0.3540947139,-0.0803919556,0.3388927444,-0.1146785495,0.0440780111,0.0475150496,-0.3540947139,-0.0757378861,-0.3324430287,-0.9400773644,0.0637444779,0.0357816406,0.1610551327,-1,0,0,0
1409764157.04957,Acceleration,-0.0729217529,-0.3827362061,-0.7691497803,,,,,,,,,,,,,,,,
1409764157.11946,Magnetic,0.3457183838,145.4385528564,-74.7444152832,,,,,,,,,,,,,,,,
1409764157.1976,Gyro,0.1662880448,0.1441350719,0.0899637122,,,,,,,,,,,,,,,,
1409764157.21314,Motion,0.1273830384,0.1303163171,0.1125984415,-0.0539303437,0.3625305689,-0.1178074952,0.1273830384,0.1303163171,0.1125984415,-0.0504005589,-0.3546414673,-0.9336429834,-0.055876907,-0.1065401882,0.0534397364,-1,0,0,0
1409764157.29999,Acceleration,-0.0489501953,-0.4667358398,-1.0946502686,,,,,,,,,,,,,,,,
1409764157.38001,Magnetic,2.5929260254,147.6629180908,-73.9064788818,,,,,,,,,,,,,,,,
1409764157.45414,Gyro,1.0341722966,0.0175036263,0.4135132835,,,,,,,,,,,,,,,,
1409764157.46986,Motion,0.9957234859,0.0035106118,0.4361908436,0.0219712342,0.3446769396,-0.1222614772,0.9957234859,0.0035106118,0.4361908436,0.0206773244,-0.3378926218,-0.9409574866,0.0373671092,0.0580311865,-0.0334992893,-1,0,0,0
1409764157.53115,Acceleration,-0.010559082,-0.2149047852,-0.9738464355,,,,,,,,,,,,,,,,
1409764157.6402,Magnetic,3.8029632568,145.0963439941,-76.7554779053,,,,,,,,,,,,,,,,
1409764157.69505,Gyro,-0.2409620165,-0.1549946439,0.1383280491,,,,,,,,,,,,,,,,
1409764157.71101,Motion,-0.2795838118,-0.1689777374,0.161008507,-0.0182566617,0.3838902391,-0.0937740406,-0.2795838118,-0.1689777374,0.161008507,-0.0169269033,-0.374530375,-0.9270601273,0.0219775625,-0.0005306541,0.1051149368,-1,0,0,0
1409764157.78224,Acceleration,0.0338745117,-0.4097290039,-0.8469696045,,,,,,,,,,,,,,,,
1409764157.90065,Magnetic,4.3215484619,143.2142028809,-77.2582397461,,,,,,,,,,,,,,,,
1409764157.95211,Gyro,-0.079173915,-0.1117584899,-0.0363755847,,,,,,,,,,,,,,,,
1409764157.96789,Motion,-0.1173572093,-0.1251602769,-0.0137740579,-0.0557676203,0.3679412945,-0.0952176202,-0.1173572093,-0.1251602769,-0.0137740579,-0.0520081148,-0.3596952856,-0.9316192865,0.0891785249,-0.0693666115,-0.4857391417,-1,0,0,0
1409764158.01389,Acceleration,-0.392791748,-0.2115020752,-1.4409637451,,,,,,,,,,,,,,,,
1409764158.16109,Magnetic,6.0501708984,141.5031585693,-80.6100006104,,,,,,,,,,,,,,,,
1409764158.20842,Gyro,0.0885455789,-0.0361558739,-0.2148350746,,,,,,,,,,,,,,,,
1409764158.22478,Motion,0.0503642,-0.0495569929,-0.1922346801,-0.0596652053,0.4351308992,-0.1089748244,0.0503642,-0.0495569929,-0.1922346801,-0.0540731996,-0.4215291142,-0.9052012563,-0.0807534605,0.0857136771,0.1614878774,-1,0,0,0
1409764158.26501,Acceleration,-0.0282440186,-0.3587188721,-0.6822967529,,,,,,,,,,,,,,,,
1409764158.42073,Magnetic,6.9144744873,136.8833465576,-80.7775878906,,,,,,,,,,,,,,,,
1409764158.44968,Gyro,0.059032694,0.1329010595,0.1107390318,,,,,,,,,,,,,,,,
1409764158.46569,Motion,0.0208531972,0.1195005998,0.1333383024,-0.0215804379,0.4463752752,-0.1271053256,0.0208531972,0.1195005998,0.1333383024,-0.0194644295,-0.4316987991,-0.901807785,-0.0445156731,-0.0843686908,0.1596660614,-1,0,0,0
1409764158.49604,Acceleration,-0.0738983154,-0.5509033203,-0.8784637451,,,,,,,,,,,,,,,,
1409764158.68028,Magnetic,9.8531341553,135.0012054443,-80.2748260498,,,,,,,,,,,,,,,,
1409764158.7064,Gyro,0.5884182523,-0.5600329498,0.8025225555,,,,,,,,,,,,,,,,
1409764158.72259,Motion,0.5502406955,-0.5734327435,0.8251206875,0.0375195177,0.3974703998,-0.0876507425,0.5502406955,-0.5734327435,0.8251206875,0.0345864967,-0.3870871961,-0.9213942289,0.0274709985,0.0143149663,0.1800917238,-1,0,0,0
1409764158.74645,Acceleration,-0.0695343018,-0.2788085938,-0.8387756348,,,,,,,,,,,,,,,,
1409764158.9406,Magnetic,11.5817565918,129.5258636475,-82.2858886719,,,,,,,,,,,,,,,,
1409764158.96356,Gyro,0.1671644911,-0.2172758617,0.2750637942,,,,,,,,,,,,,,,,
1409764158.97872,Acceleration,-0.0484619141,-0.440322876,-0.6665802002,,,,,,,,,,,,,,,,
1409764158.97922,Motion,0.1286828518,-0.2306353897,0.2976863086,-0.0297856165,0.4093218596,0.0115400536,0.1286828518,-0.2306353897,0.2976863086,-0.0273210146,-0.3979873061,-0.9169840217,-0.0076521304,-0.0108872121,0.252387464,-1,0,0,0
1409764159.20104,Magnetic,11.9274749756,127.1304016113,-83.9617767334,,,,,,,,,,,,,,,,
1409764159.20434,Gyro,-0.7881955478,-0.5821342574,-0.4233323585,,,,,,,,,,,,,,,,
1409764159.2204,Motion,-0.8265599608,-0.595475316,-0.4007192552,-0.1173141262,0.3957826612,-0.0118776875,-0.8265599608,-0.595475316,-0.4007192552,-0.1079970524,-0.3855304718,-0.9163530469,-0.1018112972,-0.086668022,-0.2360212207,-1,0,0,0
1409764159.22852,Acceleration,-0.3876190186,-0.3209075928,-1.4350585938,,,,,,,,,,,,,,,,
1409764159.46121,Acceleration,-0.0756225586,-0.3590698242,-0.6488189697,,,,,,,,,,,,,,,,
1409764159.46158,Gyro,0.1021018678,0.0553820328,-0.4168299843,,,,,,,,,,,,,,,,
1409764159.46166,Magnetic,12.2732086182,124.734954834,-84.6321258545,,,,,,,,,,,,,,,,
1409764159.47696,Motion,0.0637394041,0.0420416296,-0.3942179978,-0.0908408051,0.4451214396,-0.0736994289,0.0637394041,0.0420416296,-0.3942179978,-0.081876412,-0.430567503,-0.8988369703,-0.0082419943,0.0780131668,0.2138394117,-1,0,0,0
1409764159.71099,Acceleration,-0.1290893555,-0.5367889404,-0.8705749512,,,,,,,,,,,,,,,,
1409764159.71772,Gyro,-0.0720486275,0.1349764609,-0.1435808681,,,,,,,,,,,,,,,,
1409764159.72171,Magnetic,14.6932678223,124.734954834,-87.6487121582,,,,,,,,,,,,,,,,
1409764159.73384,Motion,-0.1098007932,0.1212367117,-0.1208093017,-0.0645130876,0.4654785443,-0.0950734617,-0.1098007932,0.1212367117,-0.1208093017,-0.0576093569,-0.4488504827,-0.8917479515,-0.0668565854,-0.0901814997,-0.0139832515,-1,0,0,0
1409764159.94278,Acceleration,-0.0441589355,-0.2927703857,-0.9620819092,,,,,,,,,,,,,,,,
1409764159.95903,Gyro,0.5147288513,-0.1773617349,0.5895889779,,,,,,,,,,,,,,,,
1409764159.97504,Motion,0.4768040776,-0.1910926253,0.6123617291,-0.00358085,0.4307732663,-0.0849738685,0.4768040776,-0.1910926253,0.6123617291,-0.0032537077,-0.4175735414,-0.9086372852,-0.1189844534,0.1231857315,0.024100557,-1,0,0,0
1409764159.98217,Magnetic,17.4590606689,119.6018218994,-89.6597747803,,,,,,,,,,,,,,,,
1409764160.19326,Acceleration,-0.0536956787,-0.4256744385,-0.6389312744,,,,,,,,,,,,,,,,
1409764160.21612,Gyro,-0.0337704805,-0.1860487001,0.193089299,,,,,,,,,,,,,,,,
1409764160.23184,Motion,-0.0716933236,-0.1997788996,0.2158608586,-0.0756657658,0.4652273184,0.0012140972,-0.0716933236,-0.1997788996,0.2158608586,-0.0675594658,-0.4486259818,-0.8911623955,0.0162289031,0.005632808,0.18986848,-1,0,0,0
1409764160.24245,Magnetic,18.3233795166,112.5865478516,-92.8439483643,,,,,,,,,,,,,,,,
1409764160.42491,Acceleration,-0.3376617432,-0.375579834,-1.4087982178,,,,,,,,,,,,,,,,
1409764160.47239,Gyro,-0.5347936396,1.2258668982,-1.0144097771,,,,,,,,,,,,,,,,
1409764160.48841,Motion,-0.5726697445,1.212131381,-0.9916392565,-0.090117774,0.3639054056,-0.0773572832,-0.5726697445,1.212131381,-0.9916392565,-0.0841023698,-0.3559266031,-0.9307218194,0.051250197,0.1773072034,-0.5534548163,-1,0,0,0
1409764160.50209,Magnetic,19.8791351318,113.4420776367,-96.028137207,,,,,,,,,,,,,,,,
1409764160.67573,Acceleration,0.0117645264,-0.3452148438,-0.7721405029,,,,,,,,,,,,,,,,
1409764160.71387,Gyro,0.111818411,0.0616058402,-0.0246717907,,,,,,,,,,,,,,,,
1409764160.72968,Motion,0.0739441663,0.047871016,-0.001902414,-0.0877170669,0.4223227497,-0.0871480968,0.0739441663,0.047871016,-0.001902414,-0.0799076259,-0.4098802209,-0.9086324573,-0.0061977222,0.0188890174,0.2031118423,-1,0,0,0
1409764160.76212,Magnetic,19.014831543,111.2177124023,-98.5419616699,,,,,,,,,,,,,,,,
1409764160.90705,Acceleration,-0.0671691895,-0.5355377197,-0.8328857422,,,,,,,,,,,,,,,,
1409764160.97094,Gyro,-0.3420795799,0.3200576345,-0.1915473288,,,,,,,,,,,,,,,,
1409764160.98627,Motion,-0.3799421191,0.3063318729,-0.1688037962,-0.0478312767,0.4388933204,-0.1068287478,-0.3799421191,0.3063318729,-0.1688037962,-0.0432814397,-0.4249379337,-0.9041872025,-0.0448685847,-0.0694620907,-0.3666868508,-1,0,0,0
1409764161.02229,Magnetic,22.2992095947,112.0732421875,-103.0668487549,,,,,,,,,,,,,,,,
1409764161.15795,Acceleration,-0.0449523926,-0.2718200684,-0.821762085,,,,,,,,,,,,,,,,
1409764161.22712,Gyro,0.3777654059,-0.1800680392,0.6255286032,,,,,,,,,,,,,,,,
1409764161.24322,Motion,0.3399047852,-0.1937930882,0.6482709646,-0.0134700327,0.4326473673,-0.0288823782,0.3399047852,-0.1937930882,0.6482709646,-0.0122285197,-0.419275701,-0.9077765942,0.0102753947,0.1313881278,0.0621802807,-1,0,0,0
1409764161.28182,Magnetic,19.533416748,104.5446472168,-101.7261352539,,,,,,,,,,,,,,,,
1409764161.38959,Acceleration,0.0001525879,-0.4262542725,-0.7409820557,,,,,,,,,,,,,,,,
1409764161.46805,Gyro,-0.0456875938,-0.2668024022,0.2516617988,,,,,,,,,,,,,,,,
1409764161.48436,Motion,-0.0834637657,-0.2804748118,0.2743704617,-0.0872475843,0.435004962,0.0813117093,-0.0834637657,-0.2804748118,0.2743704617,-0.0790216923,-0.4214149117,-0.903418541,0.0501978435,-0.0553917401,0.0215215646,-1,0,0,0
1409764161.54207,Magnetic,19.7062683105,106.0845947266,-107.2565460205,,,,,,,,,,,,,,,,
1409764161.64025,Acceleration,-0.2692108154,-0.3815460205,-1.3706512451,,,,,,,,,,,,,,,,
1409764161.72497,Gyro,0.8475510169,0.0143885267,0.5498655334,,,,,,,,,,,,,,,,
1409764161.74115,Motion,0.8098002076,0.0007820377,0.5725370646,-0.0732451242,0.3802733983,0.0667289214,0.8098002076,0.0007820377,0.5725370646,-0.0679519325,-0.3711743653,-0.9260734916,0.183079496,0.0423169285,0.0167870056,-1,0,0,0
1409764161.80254,Magnetic,19.3605499268,104.0313415527,-110.6083221436,,,,,,,,,,,,,,,,
1409764161.87218,Acceleration,-0.0478973389,-0.352432251,-0.7087249756,,,,,,,,,,,,,,,,
1409764161.98216,Gyro,0.2049408985,0.3122487136,0.3140601958,,,,,,,,,,,,,,,,
1409764161.99783,Motion,0.1670087129,0.2986567318,0.3367114365,-0.0949261961,0.44534345,0.1888932796,0.1670087129,0.2986567318,0.3367114365,-0.0855387598,-0.430767864,-0.8983997703,-0.0278798211,0.0378998145,0.1551289111,-1,0,0,0
1409764162.06254,Magnetic,21.4348907471,99.9248352051,-111.9490203857,,,,,,,,,,,,,,,,
1409764162.12265,Acceleration,-0.0471496582,-0.5543518066,-0.9660491943,,,,,,,,,,,,,,,,
1409764162.22289,Gyro,-0.7027589432,0.61369245,0.0695577729,,,,,,,,,,,,,,,,
1409764162.23948,Motion,-0.7405488491,0.6001243591,0.0921872929,-0.0008448242,0.4558000045,0.2558321878,-0.7405488491,0.6001243591,0.0921872929,-0.0007585753,-0.4401807785,-0.8979088664,0.1667436808,-0.1513414234,-0.1139777452,-1,0,0,0
1409764162.32166,Magnetic,27.312210083,94.7917175293,-111.6138458252,,,,,,,,,,,,,,,,
1409764162.35416,Acceleration,-0.0390930176,-0.2964477539,-0.9037017822,,,,,,,,,,,,,,,,
1409764162.47946,Gyro,0.0377489769,0.0558382323,0.740271165,,,,,,,,,,,,,,,,
1409764162.49575,Motion,-3.90339228033554E-005,0.0422708057,0.762899518,-0.0677920085,0.5133409696,0.5106928516,-3.90339228033554E-005,0.0422708057,0.762899518,-0.059008982,-0.4910903275,-0.8691077232,0.0616487525,0.1394820511,0.4056067467,-1,0,0,0
1409764162.58199,Magnetic,24.0278320313,87.7764434814,-109.7703857422,,,,,,,,,,,,,,,,
1409764162.60486,Acceleration,0.0020446777,-0.4381713867,-0.7918701172,,,,,,,,,,,,,,,,
1409764162.73616,Gyro,-0.2458712876,-0.0180778038,0.5519531854,,,,,,,,,,,,,,,,
1409764162.75243,Motion,-0.2836794555,-0.0314944237,0.5745000243,-0.1073900268,0.4673744299,0.6856468292,-0.2836794555,-0.0314944237,0.5745000243,-0.0956887379,-0.4505438507,-0.8876113296,0.1065682545,-0.0766015351,-0.095787093,-1,0,0,0
1409764162.83647,Acceleration,-0.2679595947,-0.4291381836,-1.4107666016,,,,,,,,,,,,,,,,
1409764162.84224,Magnetic,19.3605499268,86.9209289551,-111.2786712646,,,,,,,,,,,,,,,,
1409764162.97753,Gyro,0.5208432028,-0.0419498472,1.0281692652,,,,,,,,,,,,,,,,
1409764162.99363,Motion,0.4826609492,-0.0554717518,1.0506628752,-0.1193640048,0.4671532073,0.8106684645,0.4826609492,-0.0554717518,1.0506628752,-0.1063217297,-0.4503463507,-0.886500895,-0.0016647221,0.1157668754,0.2608752847,-1,0,0,0
1409764163.08697,Acceleration,-0.0437927246,-0.3870391846,-0.6410369873,,,,,,,,,,,,,,,,
1409764163.1025,Magnetic,19.8791351318,79.9056549072,-108.0944976807,,,,,,,,,,,,,,,,
1409764163.23419,Gyro,0.2816276874,0.4392111901,0.6855882121,,,,,,,,,,,,,,,,
1409764163.25035,Motion,0.2434473485,0.4256899655,0.7080805898,-0.1199796272,0.481737128,1.0077454741,0.2434473485,0.4256899655,0.7080805898,-0.1060700044,-0.4633193016,-0.8798206449,-0.0330291167,-0.0099625587,0.1710651517,-1,0,0,0
1409764163.3187,Acceleration,-0.0811309814,-0.5755310059,-0.8364105225,,,,,,,,,,,,,,,,
1409764163.36316,Magnetic,19.3605499268,74.9436340332,-101.8937225342,,,,,,,,,,,,,,,,
1409764163.49086,Gyro,0.0288606767,1.2791508927,0.628190699,,,,,,,,,,,,,,,,
1409764163.50701,Motion,-0.0092954477,1.2656550407,0.6506675482,-0.0465574536,0.4433030325,1.1498319527,-0.0092954477,1.2656550407,0.6506675482,-0.0420420095,-0.4289255738,-0.9023609757,0.3067514896,0.2033396214,-0.5736064315,-1,0,0,0
1409764163.56947,Acceleration,0.0292053223,-0.373550415,-0.7019042969,,,,,,,,,,,,,,,,
1409764163.62186,Magnetic,14.8661346436,73.574798584,-102.8992614746,,,,,,,,,,,,,,,,
1409764163.73222,Gyro,-0.4003950846,0.5651771118,0.8204453633,,,,,,,,,,,,,,,,
1409764163.74826,Motion,-0.4385559559,0.5516778827,0.8429235816,-0.0864984353,0.4511109872,1.462860256,-0.4385559559,0.5516778827,0.8429235816,-0.0777483806,-0.4359656572,-0.8965986371,0.2233172357,0.067099683,0.1288526803,-1,0,0,0
1409764163.80093,Acceleration,0.0167999268,-0.4351654053,-0.8069152832,,,,,,,,,,,,,,,,
1409764163.88224,Magnetic,5.5315856934,74.6014251709,-101.2233734131,,,,,,,,,,,,,,,,
1409764163.98921,Gyro,-0.2943165847,-0.0521207257,0.3706526352,,,,,,,,,,,,,,,,
1409764164.00508,Motion,-0.3326490223,-0.0655263141,0.3930723369,-0.1128284572,0.4209613963,1.6527623526,-0.3326490223,-0.0655263141,0.3930723369,-0.102759786,-0.4086381197,-0.9068932533,0.0999674276,-0.0476912409,-0.2328925431,-1,0,0,0
1409764164.05169,Acceleration,-0.1031036377,-0.4663696289,-1.4700622559,,,,,,,,,,,,,,,,
1409764164.14272,Magnetic,1.5557556152,79.2212371826,-100.7206115723,,,,,,,,,,,,,,,,
1409764164.24574,Gyro,0.5146984912,0.2423093097,0.7511943866,,,,,,,,,,,,,,,,
1409764164.26166,Motion,0.4763642848,0.2289051414,0.7736126184,-0.1047003378,0.4431095397,1.8000121819,0.4763642848,0.2289051414,0.7736126184,-0.0944159552,-0.4287507534,-0.8984755874,0.042078305,0.0869386271,0.0664443523,-1,0,0,0
1409764164.28326,Acceleration,-0.0868225098,-0.3744659424,-0.6323852539,,,,,,,,,,,,,,,,
1409764164.40298,Magnetic,-4.4944152832,80.7611694336,-96.5308990479,,,,,,,,,,,,,,,,
1409764164.48709,Gyro,0.1827288035,0.3655281807,0.5635179624,,,,,,,,,,,,,,,,
1409764164.50289,Motion,0.1443965137,0.352124691,0.5859351158,-0.1166005586,0.4848296908,1.9897573673,0.1443965137,0.352124691,0.5859351158,-0.1029292494,-0.466057688,-0.878746748,-0.0339878686,-0.0269232728,0.1525199115,-1,0,0,0
1409764164.53429,Acceleration,-0.1297912598,-0.5303344727,-0.829498291,,,,,,,,,,,,,,,,
1409764164.66394,Magnetic,-3.2843933105,90.8563232422,-101.0557861328,,,,,,,,,,,,,,,,
1409764164.74364,Gyro,0.4493557034,0.0760098133,1.4830070857,,,,,,,,,,,,,,,,
1409764164.75976,Motion,0.4110315144,0.0626224875,1.5054144859,-0.01724884,0.4252612925,2.1553874445,0.4110315144,0.0626224875,1.5054144859,-0.0157117229,-0.4125588238,-0.9107954502,0.0932874084,-0.0560996309,0.39265275,-1,0,0,0
1409764164.76536,Acceleration,0.0410308838,-0.3970794678,-0.7777099609,,,,,,,,,,,,,,,,
1409764164.92375,Magnetic,-7.0873565674,95.989440918,-100.7206115723,,,,,,,,,,,,,,,,
1409764165.00082,Gyro,0.0468593846,0.3935901754,0.9345173413,,,,,,,,,,,,,,,,
1409764165.01603,Acceleration,0.0324401855,-0.428527832,-0.7911529541,,,,,,,,,,,,,,,,
1409764165.01678,Motion,0.0084513929,0.3801829517,0.9569203854,-0.0385835514,0.4162076495,2.4681672768,0.0084513929,0.3801829517,0.9569203854,-0.0352808684,-0.4042947888,-0.9139479995,0.0739313811,0.0025613774,0.0744094551,-1,0,0,0
1409764165.18414,Magnetic,-8.8159790039,98.0426940918,-99.0447235107,,,,,,,,,,,,,,,,
1409764165.24153,Gyro,-0.244751961,-0.2346428678,0.3426630785,,,,,,,,,,,,,,,,
1409764165.24757,Acceleration,-0.0906524658,-0.4490966797,-1.2962493896,,,,,,,,,,,,,,,,
1409764165.25763,Motion,-0.2831769288,-0.2480416,0.3650613725,-0.0767187919,0.4301941396,2.6349415855,-0.2831769288,-0.2480416,0.3650613725,-0.0696601644,-0.4170472622,-0.9062113762,0.033374764,-0.0709440708,-0.2906117439,-1,0,0,0
1409764165.44327,Magnetic,-8.9888305664,100.6092529297,-94.5198364258,,,,,,,,,,,,,,,,
1409764165.49833,Gyro,0.3039934468,0.2678354424,-0.0712539402,,,,,,,,,,,,,,,,
1409764165.49894,Acceleration,-0.0085601807,-0.4252624512,-0.5397644043,,,,,,,,,,,,,,,,
1409764165.51434,Motion,0.2655692101,0.254434824,-0.0488553457,-0.069576565,0.5282797484,2.7105557664,0.2655692101,0.254434824,-0.0488553457,-0.0600431003,-0.5040483475,-0.8615857959,0.0514829196,0.0787858963,0.3218213916,-1,0,0,0
1409764165.70381,Magnetic,-7.0873565674,101.1225738525,-95.6929626465,,,,,,,,,,,,,,,,
1409764165.73015,Acceleration,-0.0308837891,-0.5798797607,-0.8386383057,,,,,,,,,,,,,,,,
1409764165.75515,Gyro,0.0332500988,0.3056728362,0.4185376032,,,,,,,,,,,,,,,,
1409764165.77114,Motion,-0.0051983781,0.2923797071,0.4408752024,-0.0603327608,0.5477098513,2.7918297734,-0.0051983781,0.2923797071,0.4408752024,-0.0514760017,-0.5207334757,-0.852165997,0.0094380369,-0.0710634217,-0.002722915,-1,0,0,0
1409764165.96266,Magnetic,-2.7658081055,107.7956390381,-93.1791381836,,,,,,,,,,,,,,,,
1409764165.98052,Acceleration,0.0968475342,-0.4431915283,-0.7181549072,,,,,,,,,,,,,,,,
1409764165.99616,Gyro,-0.3869091032,0.5410723081,0.5339962891,,,,,,,,,,,,,,,,
1409764166.01226,Motion,-0.4255828261,0.5276855826,0.556299448,0.0106697646,0.4877768787,2.9434658646,-0.4255828261,0.5276855826,0.556299448,0.0094252452,-0.4686631858,-0.8833266497,0.1146592274,0.0994310156,-0.0955399275,-1,0,0,0
1409764166.21235,Acceleration,-0.0179443359,-0.4679260254,-0.7310943604,,,,,,,,,,,,,,,,
1409764166.22262,Magnetic,-1.7286224365,109.1644744873,-92.1735992432,,,,,,,,,,,,,,,,
1409764166.25289,Gyro,-0.267980851,0.3099205782,-0.2040679143,,,,,,,,,,,,,,,,
1409764166.26886,Motion,-0.3066525757,0.2965338528,-0.1817655414,0.0286669084,0.4886455655,3.0709829429,-0.3066525757,0.2965338528,-0.1817655414,0.0253085382,-0.469430387,-0.8826066852,0.1134548858,0.0114530995,-0.0156934727,-1,0,0,0
1409764166.4627,Acceleration,0.0312347412,-0.5848846436,-1.128036499,,,,,,,,,,,,,,,,
1409764166.48296,Magnetic,-3.8029785156,111.902130127,-87.4811248779,,,,,,,,,,,,,,,,
1409764166.50924,Gyro,-0.5353252065,0.0207795807,-0.3480639692,,,,,,,,,,,,,,,,
1409764166.52571,Motion,-0.5741188526,0.0073913662,-0.3257656395,0.0060842739,0.4303613672,3.0747472606,-0.5741188526,0.0073913662,-0.3257656395,0.0055294456,-0.417199254,-0.9087982178,-0.162817046,0.0459986851,-0.4622192383,-1,0,0,0
1409764166.69456,Acceleration,0.014175415,-0.3636474609,-0.7500305176,,,,,,,,,,,,,,,,
1409764166.74283,Magnetic,-4.4944152832,115.32421875,-87.4811248779,,,,,,,,,,,,,,,,
1409764166.75094,Gyro,0.0950466214,0.1136698406,0.0779198324,,,,,,,,,,,,,,,,
1409764166.76686,Motion,0.0562549308,0.100282304,0.1002170444,0.002486821,0.4952503588,3.0972551136,0.0562549308,0.100282304,0.1002170444,0.0021880267,-0.4752519429,-0.8798470497,0.0327698588,0.0488756001,0.2245125622,-1,0,0,0
1409764166.94517,Acceleration,-0.0810241699,-0.5314178467,-0.7227935791,,,,,,,,,,,,,,,,
1409764167.00339,Magnetic,-3.457244873,116.3508453369,-87.4811248779,,,,,,,,,,,,,,,,
1409764167.0078,Gyro,-0.1392439102,0.1865914523,-0.078009581,,,,,,,,,,,,,,,,
1409764167.02349,Motion,-0.1780185699,0.1732262373,-0.0557210259,-0.0038221644,0.5214066215,-3.1329633449,-0.1780185699,0.1732262373,-0.0557210259,-0.0033142648,-0.4981003404,-0.8671130538,-0.0875518247,-0.0963363051,-0.0160961635,-1,0,0,0
1409764167.17686,Acceleration,0.2112884521,-0.3505554199,-0.9739379883,,,,,,,,,,,,,,,,
1409764167.26132,Magnetic,0,119.4307250977,-88.4866638184,,,,,,,,,,,,,,,,
1409764167.26471,Gyro,-0.2366450324,0.0187843404,0.2946510777,,,,,,,,,,,,,,,,
1409764167.28026,Motion,-0.275400877,0.0054304292,0.3169387281,0.0545736666,0.4882560494,-3.1309472355,-0.275400877,0.0054304292,0.3169387281,0.0481729358,-0.4690864384,-0.8818374276,0.0509023815,0.1130225882,0.1313186586,-1,0,0,0
1409764167.42741,Acceleration,0.0443878174,-0.3911590576,-0.6389312744,,,,,,,,,,,,,,,,
1409764167.50557,Gyro,0.0021816616,-0.2029890678,0.1732847016,,,,,,,,,,,,,,,,
1409764167.52201,Magnetic,-1.9014892578,119.9440307617,-87.6487121582,,,,,,,,,,,,,,,,
1409764167.52177,Motion,-0.0365977921,-0.2163600773,0.1955762208,0.0037210405,0.4740915562,-3.0433858168,-0.0365977921,-0.2163600773,0.1955762208,0.0033106313,-0.4565303922,-0.8897016644,0.0631108806,-0.006787485,0.1842115521,-1,0,0,0
1409764167.65922,Acceleration,-0.0012969971,-0.5391235352,-1.2734527588,,,,,,,,,,,,,,,,
1409764167.76206,Gyro,0.2051558156,-3.6775426377,-1.3745903303,,,,,,,,,,,,,,,,
1409764167.77843,Motion,0.1663877517,-3.6909041405,-1.352304101,-0.1184580504,0.5459116206,-3.1133361223,0.1663877517,-3.6909041405,-1.352304101,-0.101004079,-0.5191974044,-0.8486649394,-0.3143706918,-0.0561809912,-0.005491538,-1,0,0,0
1409764167.7826,Magnetic,-7.9516601563,120.1151428223,-85.1348876953,,,,,,,,,,,,,,,,
1409764167.90979,Acceleration,-0.2331848145,-0.3367767334,0.2578735352,,,,,,,,,,,,,,,,
1409764168.01942,Gyro,2.2538564,-8.0148589344,1.9201420754,,,,,,,,,,,,,,,,
1409764168.03508,Motion,2.2150456905,-8.0282440186,1.9424233437,-0.5689195533,0.4396046601,-3.109040574,2.2150456905,-8.0282440186,1.9424233437,-0.4875003994,-0.4255817533,-0.7623801827,0.5502902865,1.0388934612,0.815023005,-1,0,0,0
1409764168.043,Magnetic,-19.7062835693,124.9060516357,-70.051940918,,,,,,,,,,,,,,,,
1409764168.1416,Acceleration,-1.5014190674,2.0726318359,-0.9504699707,,,,,,,,,,,,,,,,
1409764168.25996,Gyro,-2.8213075851,1.6125491,-0.263007664,,,,,,,,,,,,,,,,
1409764168.27669,Motion,-2.8601164818,1.5991646051,-0.2407274395,-1.3739960367,-0.6023048616,2.9926141129,-2.8601164818,1.5991646051,-0.2407274395,-0.8081259131,0.5665432811,-0.1611249447,-1.9457498789,-0.7908017039,-1.124778986,-1,0,0,0
1409764168.30277,Magnetic,-11.5817718506,143.5564117432,-61.5049285889,,,,,,,,,,,,,,,,
1409764168.39217,Acceleration,-1.3309326172,-1.7089996338,-0.4396820068,,,,,,,,,,,,,,,,
1409764168.51688,Gyro,5.1337846881,0.533339021,-5.4293470996,,,,,,,,,,,,,,,,
1409764168.53282,Motion,5.0949778557,0.5199552178,-5.4070677757,-1.2112845945,0.2507683885,2.9859727694,5.0949778557,0.5199552178,-5.4070677757,-0.9067903757,-0.2481483817,-0.3408131003,-3.2839138508,0.3856758475,-1.3123241663,-1,0,0,0
1409764168.56297,Magnetic,-19.0148468018,118.746307373,-62.342880249,,,,,,,,,,,,,,,,
1409764168.6238,Acceleration,-0.4732055664,0.8991088867,-0.3646697998,,,,,,,,,,,,,,,,
1409764168.77357,Gyro,1.0716488321,-0.0213753299,0.7196798698,,,,,,,,,,,,,,,,
1409764168.78968,Motion,1.0328439474,-0.0347584561,0.7419579029,-1.4963366847,0.8785182487,-2.6950503277,1.0328439474,-0.0347584561,0.7419579029,-0.6365239024,-0.7697939277,-0.0474831238,0.6668888927,1.9469790459,-0.0071280804,-1,0,0,0
1409764168.82305,Magnetic,-18.6691131592,116.3508453369,-54.6338043213,,,,,,,,,,,,,,,,
1409764168.87461,Acceleration,-0.2360229492,1.6137695313,0.08203125,,,,,,,,,,,,,,,,
1409764169.01478,Gyro,-2.101441294,0.0818131076,-0.41934534,,,,,,,,,,,,,,,,
1409764169.03071,Motion,-2.1402859688,0.0684102252,-0.3970762193,-1.5192276648,0.0384523038,-2.9803877785,-2.1402859688,0.0684102252,-0.3970762193,-0.9979324341,-0.0384428278,-0.0515077077,-1.5571517944,-1.6465089321,0.4882142544,-1,0,0,0
1409764169.08386,Magnetic,-17.1133575439,122.3394927979,-53.1255187988,,,,,,,,,,,,,,,,
1409764169.10623,Acceleration,0.504776001,-1.1341705322,-0.0977325439,,,,,,,,,,,,,,,,
1409764169.27156,Gyro,1.9519463441,1.4865488236,-4.0760466116,,,,,,,,,,,,,,,,
1409764169.28755,Motion,1.9131036997,1.4731465578,-4.0537786484,-1.5164298907,0.3641283114,2.9840064013,1.9131036997,1.4731465578,-4.0537786484,-0.9330539107,-0.3561348915,-0.0507768542,-0.0862942114,-1.0866293907,-0.5551344156,-1,0,0,0
1409764169.34422,Magnetic,-5.1858673096,112.2443389893,-53.2931060791,,,,,,,,,,,,,,,,
1409764169.35704,Acceleration,-5.4224700928,-2.5012207031,-1.196762085,,,,,,,,,,,,,,,,
1409764169.52808,Gyro,0.3845591298,0.7984180917,0.7984844044,,,,,,,,,,,,,,,,
1409764169.5442,Motion,0.3457184136,0.7850165963,0.8207512498,-1.9375490667,1.2893894776,-2.2273307282,0.3457184136,0.7850165963,0.8207512498,-0.2592389584,-0.9606657028,0.0995820016,0.4367139339,2.3389463425,0.7949797511,-1,0,0,0
1409764169.58831,Acceleration,0.2439575195,1.4262237549,0.0772705078,,,,,,,,,,,,,,,,
1409764169.60455,Magnetic,-2.938659668,114.1264953613,-52.1199798584,,,,,,,,,,,,,,,,
1409764169.7695,Gyro,-4.1651051153,-0.1771601336,1.1401605154,,,,,,,,,,,,,,,,
1409764169.78567,Motion,-4.2039437294,-0.1905609667,1.1624263525,-1.5508296343,0.2853694601,-3.0010441214,-4.2039437294,-0.1905609667,1.1624263525,-0.9593664408,-0.2815119922,-0.01915792,-6.6792445183,-3.0806705952,-2.5988993645,-1,0,0,0
1409764169.83947,Acceleration,-0.8653411865,-1.7613372803,1.8978271484,,,,,,,,,,,,,,,,
1409764169.86534,Magnetic,-7.4330749512,117.2063598633,-52.7903442383,,,,,,,,,,,,,,,,
1409764170.02639,Gyro,2.0848071898,0.7749910625,-2.0382375571,,,,,,,,,,,,,,,,
1409764170.04229,Motion,2.0459296703,0.7615718842,-2.0159826279,-1.6308542186,0.2857151052,2.927812535,2.0459296703,0.7615718842,-2.0159826279,-0.9577305317,-0.2818436325,0.0575885326,1.6272251606,-1.0907607079,-0.5744799972,-1,0,0,0
1409764170.07055,Acceleration,-0.1497039795,-1.5395050049,0.0160522461,,,,,,,,,,,,,,,,
1409764170.12523,Magnetic,-11.0631866455,106.4268035889,-55.6393432617,,,,,,,,,,,,,,,,
1409764170.28315,Gyro,4.3384662496,2.9088350375,-2.3699361351,,,,,,,,,,,,,,,,
1409764170.2989,Motion,4.2995905876,2.8954164982,-2.347682476,-1.9279981226,1.4706467261,-2.3171937155,4.2995905876,2.8954164982,-2.347682476,-0.0936712772,-0.9949892163,0.0349592045,-0.5056939721,2.405923605,-0.8589490652,-1,0,0,0
1409764170.32088,Acceleration,-0.0272064209,1.7459716797,0.8310546875,,,,,,,,,,,,,,,,
1409764170.38576,Magnetic,1.901473999,94.9628143311,-41.7295074463,,,,,,,,,,,,,,,,
1409764170.5241,Gyro,-2.4258374843,-1.698140168,6.4857330892,,,,,,,,,,,,,,,,
1409764170.54018,Motion,-2.4647109509,-1.7115579844,6.5079855919,-1.6468220984,0.806658016,-2.5498326488,-2.4647109509,-1.7115579844,6.5079855919,-0.6899164915,-0.7219788432,0.0525527224,-1.4581547976,1.5519348383,-0.0167098269,-1,0,0,0
1409764170.5536,Acceleration,-7.1393127441,-2.0691680908,-1.2314910889,,,,,,,,,,,,,,,,
1409764170.64606,Magnetic,-22.2992248535,102.1492004395,-51.4496307373,,,,,,,,,,,,,,,,
1409764170.78103,Gyro,-0.607311516,-0.6060949841,0.1003756067,,,,,,,,,,,,,,,,
1409764170.79699,Motion,-0.6461830735,-0.6195120811,0.1226271838,-1.5604787642,0.3276822642,2.8945417946,-0.6461830735,-0.6195120811,0.1226271838,-0.9467404485,-0.3218494952,-0.0097684003,1.5310300589,-0.879368186,-0.3652468622,-1,0,0,0
1409764170.803,Acceleration,0.7217102051,-1.4125213623,-0.4983520508,,,,,,,,,,,,,,,,
1409764170.90446,Magnetic,-20.2248687744,97.0160675049,-57.4828186035,,,,,,,,,,,,,,,,
1409764171.03499,Acceleration,-1.4342803955,0.1417694092,-0.6271514893,,,,,,,,,,,,,,,,
1409764171.03713,Gyro,-2.1156713627,3.3951924347,-6.8838943142,,,,,,,,,,,,,,,,
1409764171.05373,Motion,-2.1545410156,3.381775856,-6.8616437912,-1.9129564724,1.3564282806,-2.4649295734,-2.1545410156,3.381775856,-6.8616437912,-0.2003984749,-0.9771110415,0.0713757575,-1.8831892014,0.7500755191,0.0937548578,-1,0,0,0
1409764171.16435,Magnetic,17.1133422852,76.1413574219,-48.097869873,,,,,,,,,,,,,,,,
1409764171.27876,Gyro,-2.6113663353,0.3930575432,5.6222462489,,,,,,,,,,,,,,,,
1409764171.28569,Acceleration,-0.8050994873,1.3730926514,0.2449951172,,,,,,,,,,,,,,,,
1409764171.29522,Motion,-2.6502735615,0.3796240091,5.64448452,-1.9484761535,1.1444902509,-2.1297134701,-2.6502735615,0.3796240091,5.64448452,-0.3843672276,-0.9104994535,0.1524880528,-0.4207322598,2.2835919857,0.0925070643,-1,0,0,0
1409764171.42463,Magnetic,-29.7322845459,97.1871795654,-59.9966430664,,,,,,,,,,,,,,,,
1409764171.51699,Acceleration,0.2590484619,-0.5842895508,-0.3851776123,,,,,,,,,,,,,,,,
1409764171.5357,Gyro,-1.7957330377,-1.5105364482,1.3380403086,,,,,,,,,,,,,,,,
1409764171.55144,Motion,-1.8346383572,-1.5239692926,1.3602774143,-1.5282517728,0.4062410876,3.0595345048,-1.8346383572,-1.5239692926,1.3602774143,-0.9177814126,-0.3951591551,-0.0390701778,0.9956470132,-0.1518684477,-0.3481978774,-1,0,0,0
1409764171.685,Magnetic,-33.3623962402,84.6965637207,-55.1365814209,,,,,,,,,,,,,,,,
1409764171.76784,Acceleration,-2.7097015381,-3.4491882324,-2.6284790039,,,,,,,,,,,,,,,,
1409764171.79212,Gyro,6.4353231781,2.4257344199,-5.8738840792,,,,,,,,,,,,,,,,
1409764171.8081,Motion,6.396420002,2.4123022556,-5.8516483307,-1.6141742721,0.9459098085,-2.8915753218,6.396420002,2.4123022556,-5.8516483307,-0.5844549537,-0.8110294938,0.0253683683,-4.1041436195,-3.2342128754,-1.5864034891,-1,0,0,0
1409764171.94533,Magnetic,3.4572296143,86.5787200928,-45.9192199707,,,,,,,,,,,,,,,,
1409764171.99906,Acceleration,0.2581329346,1.6121673584,-0.2140045166,,,,,,,,,,,,,,,,
1409764172.03338,Gyro,0.4753143335,0.3036088864,3.495539013,,,,,,,,,,,,,,,,
1409764172.04957,Motion,0.4363740385,0.2901605964,3.5177614689,-2.9975127663,1.3917725471,-0.8601692094,0.4363740385,0.2901605964,3.5177614689,-0.0255674925,-0.9840179682,0.1762239635,0.2316221744,2.4657227993,-0.3698579967,-1,0,0,0
1409764172.20571,Magnetic,-22.8178100586,104.7157592773,-51.9523925781,,,,,,,,,,,,,,,,
1409764172.25007,Acceleration,-3.1192779541,-3.4407653809,-1.4983520508,,,,,,,,,,,,,,,,
1409764172.29018,Gyro,-2.2578010742,-1.4726657648,1.1644386908,,,,,,,,,,,,,,,,
1409764172.3062,Motion,-2.2967393398,-1.4861134291,1.1866601706,-1.5661232844,0.5531864231,-2.705376021,-2.2967393398,-1.4861134291,1.1866601706,-0.8508453965,-0.5254010558,-0.0039760657,0.1708374768,-0.6116839051,0.902779758,-1,0,0,0
1409764172.46646,Magnetic,-16.5947723389,103.0047149658,-53.6282806396,,,,,,,,,,,,,,,,
1409764172.48117,Acceleration,0.7796325684,-1.2284088135,-0.2834014893,,,,,,,,,,,,,,,,
1409764172.5468,Gyro,1.1137803069,0.901913059,-3.5767478494,,,,,,,,,,,,,,,,
1409764172.56282,Motion,1.0748438835,0.8884661198,-3.5545275211,-1.7281532439,0.5064261079,-2.7802900369,1.0748438835,0.8884661198,-3.5545275211,-0.8636792898,-0.4850550294,0.1370388716,0.3943189681,-1.2683018446,-0.3432613909,-1,0,0,0
1409764172.72458,Magnetic,14.3475494385,93.9361877441,-42.7350311279,,,,,,,,,,,,,,,,
1409764172.73164,Acceleration,-0.5043182373,0.5709686279,-1.2633666992,,,,,,,,,,,,,,,,
1409764172.78806,Gyro,1.4179860077,1.920282424,-1.030496868,,,,,,,,,,,,,,,,
1409764172.80412,Motion,1.3790516853,1.9068361521,-1.0082776546,-2.9670360181,1.330447146,-0.5995014704,1.3790516853,1.9068361521,-1.0082776546,-0.0413410813,-0.9712548852,0.2344244123,-0.377177,2.133409977,0.3383142352,-1,0,0,0
1409764172.96316,Acceleration,-0.7869110107,1.1831817627,-0.0775909424,,,,,,,,,,,,,,,,
1409764172.9843,Magnetic,5.8773040771,95.1339263916,-32.1769714355,,,,,,,,,,,,,,,,
1409764173.04506,Gyro,-4.4997398284,0.3420657315,6.6576108427,,,,,,,,,,,,,,,,
1409764173.06067,Motion,-4.5387101173,0.3286042511,6.6798157692,-1.6600285642,0.7024884261,-1.9723535405,-4.5387101173,0.3286042511,6.6798157692,-0.7602001429,-0.6461189389,0.0680149794,-7.0229420662,-2.6726372242,-1.8084477186,-1,0,0,0
1409764173.21343,Acceleration,0.2905578613,-0.6490020752,-0.2511291504,,,,,,,,,,,,,,,,
1409764173.24467,Magnetic,-6.0501861572,80.5900726318,-44.0757446289,,,,,,,,,,,,,,,,
1409764173.30153,Gyro,2.9992011533,0.6610085668,-0.5534687904,,,,,,,,,,,,,,,,
1409764173.31748,Motion,2.9602327347,0.6475477815,-0.5312649012,-1.6766843301,0.4975849543,-2.271649047,2.9602327347,0.6475477815,-0.5312649012,-0.8738161325,-0.4773047268,0.0928740129,1.6141878366,0.0451605767,-0.2182554752,-1,0,0,0
1409764173.44553,Acceleration,-3.9267272949,-4.0208740234,-3.6058197021,,,,,,,,,,,,,,,,
1409764173.50499,Magnetic,-12.9646606445,112.0732421875,-22.2892608643,,,,,,,,,,,,,,,,
1409764173.54284,Gyro,-0.2145160279,4.5419120495,-6.1418129986,,,,,,,,,,,,,,,,
1409764173.55872,Motion,-0.2534824908,4.5284519196,-6.1196098328,-2.1473232062,1.1940053368,-0.7618476042,-0.2534824908,4.5284519196,-6.1196098328,-0.3084652424,-0.9298501611,0.2005689591,-1.7218997478,0.3648324311,-0.7742689252,-1,0,0,0
1409764173.69539,Acceleration,-0.2597045898,0.5777740479,-0.3247528076,,,,,,,,,,,,,,,,
1409764173.76499,Magnetic,-34.5724334717,99.5826263428,-41.2267456055,,,,,,,,,,,,,,,,
1409764173.79945,Gyro,-1.1367391523,1.0267695077,2.0412951324,,,,,,,,,,,,,,,,
1409764173.81591,Motion,-1.1757036448,1.0133100748,2.0634965897,-2.7256251728,1.27080813,0.5529007752,-1.1757036448,1.0133100748,2.0634965897,-0.1194078028,-0.9553399682,0.2703096569,0.1836167872,2.3738884926,0.0470731668,-1,0,0,0
1409764173.93672,Acceleration,-6.4499511719,-5.7971191406,-2.7025146484,,,,,,,,,,,,,,,,
1409764174.02493,Magnetic,-45.2898864746,143.3852996826,-43.9081573486,,,,,,,,,,,,,,,,
1409764174.0566,Gyro,-0.7805874292,-0.54395518,0.88082322,,,,,,,,,,,,,,,,
1409764174.07238,Motion,-0.8195872307,-0.5574290752,0.9030099511,-1.6285347675,0.5721770227,-0.7687097488,-0.8195872307,-0.5574290752,0.9030099511,-0.8393232226,-0.5414636135,0.0485151373,1.3563824892,-0.0070746019,-0.2394941449,-1,0,0,0
1409764174.187,Acceleration,0.6905975342,-0.4216766357,0.3746337891,,,,,,,,,,,,,,,,
1409764174.28518,Magnetic,-47.0185089111,139.6210174561,-68.711227417,,,,,,,,,,,,,,,,
1409764174.29733,Gyro,4.1020196228,2.0227869617,-3.7438710615,,,,,,,,,,,,,,,,
1409764174.31385,Motion,4.0630221367,2.0093135834,-3.7216854095,-1.7615478539,0.6419522442,0.0349413065,4.0630221367,2.0093135834,-3.7216854095,-0.7864011526,-0.5987601876,0.1518534869,-2.5568454266,-4.6123452187,-2.7897472382,-1,0,0,0
1409764174.42851,Acceleration,-0.866317749,0.5160217285,-0.0198822021,,,,,,,,,,,,,,,,
1409764174.54562,Magnetic,-14.6932830811,86.7498168945,-88.6542510986,,,,,,,,,,,,,,,,
1409764174.55405,Gyro,-1.1241053824,2.0442437843,1.1347082257,,,,,,,,,,,,,,,,
1409764174.57019,Motion,-1.1631011963,2.0307712555,1.1568926573,-2.6992782636,1.3000726193,2.0011295689,-1.1631011963,2.0307712555,1.1568926573,-0.1144681796,-0.9635776281,0.2416924238,0.1528287828,2.2224581242,-0.2053765059,-1,0,0,0
1409764174.67873,Acceleration,-0.3099365234,1.1845092773,-0.0662384033,,,,,,,,,,,,,,,,
1409764174.80598,Magnetic,-33.708114624,130.8946990967,-94.3522491455,,,,,,,,,,,,,,,,
1409764174.81075,Gyro,0.2059797977,-0.8485672792,0.4197125899,,,,,,,,,,,,,,,,
1409764174.82691,Motion,0.1669859141,-0.8620391488,0.4418959618,-1.5633456835,0.3746907637,0.8153974886,0.1669859141,-0.8620391488,0.4418959618,-0.9305950403,-0.3659847677,-0.0069336598,-2.9531636238,-3.4251987934,-1.6088347435,-1,0,0,0
1409764174.91086,Acceleration,0.4553222656,-0.5750579834,-0.1633758545,,,,,,,,,,,,,,,,
1409764175.05198,Gyro,1.5476052537,1.6238851115,-1.8663542109,,,,,,,,,,,,,,,,
1409764175.06625,Magnetic,-33.5352630615,128.3281402588,-89.8273620605,,,,,,,,,,,,,,,,
1409764175.06794,Motion,1.50857687,1.6103994846,-1.8441861868,-1.6453956322,0.4096495672,0.7702461531,1.50857687,1.6103994846,-1.8441861868,-0.9147093296,-0.3982879221,0.0683635399,1.8721983433,-0.2910278738,-0.6948436499,-1,0,0,0
1409764175.17135,Acceleration,-2.8067779541,-4.0310058594,-1.7674865723,,,,,,,,,,,,,,,,
1409764175.30883,Gyro,0.459632842,1.3204352159,-4.3146466705,,,,,,,,,,,,,,,,
1409764175.326,Magnetic,15.0390014648,88.8030700684,-85.6376495361,,,,,,,,,,,,,,,,
1409764175.32546,Motion,0.4206063449,1.3069500923,-4.2924799919,-2.7604169406,1.3736877318,2.7839635503,0.4206063449,1.3069500923,-4.2924799919,-0.0728528798,-0.9806368947,0.1817792654,-0.3467180431,1.5216983557,-0.6416333914,-1,0,0,0
1409764175.40222,Acceleration,-0.1031494141,0.8001403809,0.4279937744,,,,,,,,,,,,,,,,
1409764175.56543,Gyro,-1.7811034949,0.1663357154,4.9037418984,,,,,,,,,,,,,,,,
1409764175.58109,Motion,-1.820127964,0.1528513581,4.9259076118,-1.6689086003,1.1433007604,1.7167283818,-1.820127964,0.1528513581,4.9259076118,-0.412599206,-0.9100069404,0.0406114385,-0.6642593145,2.2451052666,-0.2270128131,-1,0,0,0
1409764175.5862,Magnetic,-3.8029785156,95.4761352539,-88.8218383789,,,,,,,,,,,,,,,,
1409764175.65303,Acceleration,-7.3829803467,-3.7556610107,-3.6161651611,,,,,,,,,,,,,,,,
1409764175.80734,Gyro,-3.1901063939,-1.1145523573,0.052152151,,,,,,,,,,,,,,,,
1409764175.8227,Motion,-3.229129076,-1.1280360222,0.0743168145,-1.421872579,0.4521449766,0.8156521898,-3.229129076,-1.1280360222,0.0743168145,-0.8895556331,-0.4368959665,-0.133464098,1.9555499554,0.0245729722,-0.3392226696,-1,0,0,0
1409764175.84619,Magnetic,-24.7192840576,124.3927459717,-87.9838867188,,,,,,,,,,,,,,,,
1409764175.88444,Acceleration,0.1277923584,-0.9177703857,0.1267852783,,,,,,,,,,,,,,,,
1409764176.06364,Gyro,2.4456311628,2.013150846,-4.305645985,,,,,,,,,,,,,,,,
1409764176.07993,Motion,2.4065744877,1.9996539354,-4.2834968567,-1.1243363948,0.8512670061,0.3360320265,2.4065744877,1.9996539354,-4.2834968567,-0.5944333673,-0.7521160245,-0.2845531106,-3.2295413017,-3.7203876972,-1.8571400642,-1,0,0,0
1409764176.10682,Magnetic,-5.5316009521,94.1072998047,-87.4811248779,,,,,,,,,,,,,,,,
1409764176.14424,Acceleration,-1.7872924805,-0.6251678467,0.2066650391,,,,,,,,,,,,,,,,
1409764176.32001,Gyro,0.2934337468,-0.6315071335,1.0501017284,,,,,,,,,,,,,,,,
1409764176.3362,Motion,0.2543792427,-0.645003438,1.0722495317,1.4618005121,1.4949343822,-1.8951879878,0.2543792427,-0.645003438,1.0722495317,0.0753394589,-0.9971238375,-0.0082443589,0.1357201189,2.0878679752,0.1419876516,-1,0,0,0
1409764176.36709,Magnetic,10.5445861816,85.7231903076,-77.5934143066,,,,,,,,,,,,,,,,
1409764176.37623,Acceleration,-0.1079559326,1.1485137939,0.2539672852,,,,,,,,,,,,,,,,
1409764176.56116,Gyro,-1.5428357985,-1.7207264372,0.6788038092,,,,,,,,,,,,,,,,
1409764176.57738,Motion,-1.5818884373,-1.7342219353,0.700950563,-1.3147548343,0.5269390361,0.4410528979,-1.5818884373,-1.7342219353,0.700950563,-0.8361726999,-0.5028899312,-0.2188994139,-0.7299741507,-1.733453393,1.2416807413,-1,0,0,0
1409764176.62674,Magnetic,-29.7322845459,114.9820098877,-89.1570129395,,,,,,,,,,,,,,,,
1409764176.63613,Acceleration,0.4645385742,-0.8021087646,-0.9358978271,,,,,,,,,,,,,,,,
1409764176.81806,Gyro,1.017963233,0.8222429971,-2.4156916395,,,,,,,,,,,,,,,,
1409764176.83424,Motion,0.9789125323,0.8087480664,-2.3935461044,-1.2932564335,0.5276678389,-0.0544043315,0.9789125323,0.8087480664,-2.3935461044,-0.8309211135,-0.5035197735,-0.2367233485,0.6205024123,-0.5457203388,-0.2310043126,-1,0,0,0
1409764176.86772,Acceleration,-0.4726867676,-1.2340087891,-0.6497344971,,,,,,,,,,,,,,,,
1409764176.88746,Magnetic,-23.3363952637,99.411529541,-93.0115509033,,,,,,,,,,,,,,,,
1409764177.07531,Gyro,0.0755906317,1.9505452551,0.6188115783,,,,,,,,,,,,,,,,
1409764177.09068,Motion,0.0365066454,1.937037468,0.6409412026,-0.3156331428,0.8251336338,-0.289368737,0.0365066454,1.937037468,0.6409412026,-0.2106060982,-0.7346384525,-0.6449429393,-0.3980822563,0.6587259769,0.9266659617,-1,0,0,0
1409764177.12807,Acceleration,-0.2185516357,-0.0355072021,0.0428161621,,,,,,,,,,,,,,,,
1409764177.14795,Magnetic,3.6300964355,103.860244751,-109.7703857422,,,,,,,,,,,,,,,,
1409764177.31598,Gyro,2.4976988916,-1.0172047647,0.5529247066,,,,,,,,,,,,,,,,
1409764177.33186,Motion,2.4586167336,-1.0307117701,0.575053215,-0.144517031,0.513967821,-0.2221133112,2.4586167336,-1.0307117701,0.575053215,-0.1254079342,-0.4916362762,-0.8617230654,0.2388265133,-0.1322345585,-0.9368456602,-1,0,0,0
1409764177.3597,Acceleration,-1.1104736328,-0.6483459473,-0.0949859619,,,,,,,,,,,,,,,,
1409764177.4087,Magnetic,1.901473999,118.2329864502,-109.7703857422,,,,,,,,,,,,,,,,
